{
  "version": 1,
  "author": "KAMESWARI .N",
  "editor": "wokwi",
  "parts": [
    { "type": "wokwi-arduino-mega", "id": "mega", "top": 0, "left": 0, "attrs": {} },
    {
      "type": "wokwi-led",
      "id": "led1",
      "top": -150.93,
      "left": 178.73,
      "attrs": { "color": "red" }
    },
    {
      "type": "wokwi-led",
      "id": "led2",
      "top": -150.16,
      "left": 262.27,
      "attrs": { "color": "red" }
    },
    {
      "type": "wokwi-led",
      "id": "led3",
      "top": -149.24,
      "left": 218.08,
      "attrs": { "color": "red" }
    },
    {
      "type": "wokwi-resistor",
      "id": "r1",
      "top": -63.25,
      "left": 200.4,
      "rotate": 90,
      "attrs": { "value": "1000" }
    },
    {
      "type": "wokwi-resistor",
      "id": "r2",
      "top": -46.13,
      "left": 226.57,
      "rotate": 90,
      "attrs": { "value": "1000" }
    },
    {
      "type": "wokwi-resistor",
      "id": "r3",
      "top": -55.2,
      "left": 179.26,
      "rotate": 90,
      "attrs": { "value": "1000" }
    },
    {
      "type": "wokwi-buzzer",
      "id": "bz1",
      "top": -188.85,
      "left": 319.27,
      "attrs": { "volume": "0.1" }
    }
  ],
  "connections": [
    [ "r3:2", "mega:5", "green", [ "h0" ] ],
    [ "r1:2", "mega:4", "green", [ "h0" ] ],
    [ "r2:2", "mega:3", "green", [ "h0" ] ],
    [ "led1:C", "mega:GND.1", "green", [ "v2.12", "h-36.94" ] ],
    [ "led1:A", "r3:1", "green", [ "v0" ] ],
    [ "led3:A", "r1:1", "green", [ "v0" ] ],
    [ "led2:A", "r2:1", "green", [ "v0" ] ],
    [ "led3:C", "mega:GND.1", "green", [ "v3.45", "h-110.51" ] ],
    [ "led2:C", "mega:GND.1", "green", [ "v3.36", "h-156.72" ] ],
    [ "bz1:2", "mega:2", "green", [ "v75.57", "h-105.84" ] ],
    [ "bz1:1", "mega:GND.1", "green", [ "v15.16", "h-225.72" ] ]
  ],
  "dependencies": {}
}